{
  "🖼️ Imagen (Flux Pro)": {
    "total": 31,
    "exitosas": 2,
    "tiempo_promedio": 9.4441502651045
  },
  "🚀 Video (VEO 3 Fast)": {
    "total": 5,
    "exitosas": 5,
    "tiempo_promedio": 59.64835949242115
  },
  "⚡ Imagen (SSD-1B)": {
    "total": 7,
    "exitosas": 0,
    "tiempo_promedio": 18.993102200329304
  },
  "🎭 Video Anime (Pixverse)": {
    "total": 7,
    "exitosas": 0,
    "tiempo_promedio": 42.03348761796951
  },
  "🎬 Video (Seedance)": {
    "total": 2,
    "exitosas": 0,
    "tiempo_promedio": 60.823721170425415
  },
  "🎨 Imagen (Kandinsky 2.2)": {
    "total": 1,
    "exitosas": 0,
    "tiempo_promedio": 112.37115550041199
  }
}