{
  "🖼️ Imagen (Flux Pro)": {
    "total": 18,
    "exitosas": 2,
    "tiempo_promedio": 9.812174098133255
  },
  "🚀 Video (VEO 3 Fast)": {
    "total": 3,
    "exitosas": 3,
    "tiempo_promedio": 63.084427654743195
  },
  "⚡ Imagen (SSD-1B)": {
    "total": 7,
    "exitosas": 0,
    "tiempo_promedio": 18.993102200329304
  },
  "🎭 Video Anime (Pixverse)": {
    "total": 7,
    "exitosas": 0,
    "tiempo_promedio": 42.03348761796951
  },
  "🎬 Video (Seedance)": {
    "total": 2,
    "exitosas": 0,
    "tiempo_promedio": 60.823721170425415
  },
  "🎨 Imagen (Kandinsky 2.2)": {
    "total": 1,
    "exitosas": 0,
    "tiempo_promedio": 112.37115550041199
  }
}